SenderName,SenderEmail,Subject,Date,Body
DEEPAK S.J,sjdeepak3@gmail.com,,2024-07-26 10:43:14,Good Product 
John Doe,john.doe@mailslurp.net,Excellent Customer Service,2024-07-28 17:41:07,"Hi Team,

I wanted to take a moment to express my gratitude for the exceptional customer service I received from your support team. The representative was very knowledgeable and resolved my issue quickly. Keep up the great work!

Best regards,

John Doe
"
Jane Smith,jane.smith@mailslurp.net,Poor Product Quality,2024-07-28 17:47:02,"Dear Support,

I am very disappointed with the quality of the product I received. It broke within a week of use, and I expected better from your company. Please address this issue as soon as possible.

Thank you,

Jane Smith
"
Michael Johnson,michael.johnson@mailslurp.net,Inquire About Product Features,2024-07-28 17:48:21,"Hello,

I am considering purchasing your product and would like to know more about its features. Can you provide detailed information on its specifications and warranty period?

Regards,

Michael Johnson
"
Emily Brown,emily.brown@mailslurp.net,Mixed Feelings About Service,2024-07-28 17:48:57,"Hi,

I recently used your service and have mixed feelings. While the initial response was quick and helpful, the follow-up process was slow and frustrating. I hope you can improve this aspect of your service.

Best,

Emily Brown
"
Robert Wilson,robert.wilson@mailslurp.net,Great User Experience,2024-07-28 17:49:39,"Hello Team,

I am very impressed with the user experience of your website. It's intuitive and easy to navigate, making my shopping experience very pleasant. Kudos to the design team!

Cheers,

Robert Wilson
"
Linda Green,linda.green@mailslurp.net,Shipping Delays,2024-07-28 17:50:08,"Hi,

I am writing to express my dissatisfaction with the shipping delays I experienced. My order was supposed to arrive within 3 days, but it took over a week. This is unacceptable, and I hope you can improve your shipping process.

Sincerely,

Linda Green
"
